Series Name,Series Code,Country Name,Country Code,2001 [YR2001],2002 [YR2002],2003 [YR2003],2004 [YR2004],2005 [YR2005],2006 [YR2006],2007 [YR2007],2008 [YR2008],2009 [YR2009],2010 [YR2010],2011 [YR2011],2012 [YR2012],2013 [YR2013],2014 [YR2014],2015 [YR2015],2016 [YR2016],2017 [YR2017],2018 [YR2018],2019 [YR2019],2020 [YR2020]
Gini index (World Bank estimate),SI.POV.GINI,Afghanistan,AFG,..,..,..,..,..,..,..,..,..,..,..,..,..,..,..,..,..,..,..,..
Gini index (World Bank estimate),SI.POV.GINI,Albania,ALB,..,31.7,..,..,30.6,..,..,30,..,..,..,29,..,34.6,32.9,33.7,33.2,..,..,..
Gini index (World Bank estimate),SI.POV.GINI,Algeria,DZA,..,..,..,..,..,..,..,..,..,..,27.6,..,..,..,..,..,..,..,..,..
Gini index (World Bank estimate),SI.POV.GINI,American Samoa,ASM,..,..,..,..,..,..,..,..,..,..,..,..,..,..,..,..,..,..,..,..
Gini index (World Bank estimate),SI.POV.GINI,Andorra,AND,..,..,..,..,..,..,..,..,..,..,..,..,..,..,..,..,..,..,..,..
Gini index (World Bank estimate),SI.POV.GINI,Angola,AGO,..,..,..,..,..,..,..,42.7,..,..,..,..,..,..,..,..,..,51.3,..,..
Gini index (World Bank estimate),SI.POV.GINI,Antigua and Barbuda,ATG,..,..,..,..,..,..,..,..,..,..,..,..,..,..,..,..,..,..,..,..
Gini index (World Bank estimate),SI.POV.GINI,Argentina,ARG,53.3,53.8,51.2,48.6,48,46.7,46.6,45.3,44.1,44.5,42.7,41.4,41,41.7,..,42,41.2,41.4,..,..
Gini index (World Bank estimate),SI.POV.GINI,Armenia,ARM,35.4,34.8,33,37.5,36,29.7,31.2,29.2,28,30,29.4,29.6,30.6,31.5,32.4,32.5,33.6,34.4,..,..
Gini index (World Bank estimate),SI.POV.GINI,Aruba,ABW,..,..,..,..,..,..,..,..,..,..,..,..,..,..,..,..,..,..,..,..
Gini index (World Bank estimate),SI.POV.GINI,Australia,AUS,33.5,..,33.5,33.1,..,..,..,35.4,..,34.7,..,..,..,34.4,..,..,..,..,..,..
Gini index (World Bank estimate),SI.POV.GINI,Austria,AUT,..,..,29.5,29.8,28.7,29.6,30.6,30.4,31.5,30.3,30.8,30.5,30.8,30.5,30.5,30.8,29.7,..,..,..
Gini index (World Bank estimate),SI.POV.GINI,Azerbaijan,AZE,36.5,25.3,26.8,26.6,26.6,..,..,..,..,..,..,..,..,..,..,..,..,..,..,..
Gini index (World Bank estimate),SI.POV.GINI,"Bahamas, The",BHS,..,..,..,..,..,..,..,..,..,..,..,..,..,..,..,..,..,..,..,..
Gini index (World Bank estimate),SI.POV.GINI,Bahrain,BHR,..,..,..,..,..,..,..,..,..,..,..,..,..,..,..,..,..,..,..,..
Gini index (World Bank estimate),SI.POV.GINI,Bangladesh,BGD,..,..,..,..,33.2,..,..,..,..,32.1,..,..,..,..,..,32.4,..,..,..,..
Gini index (World Bank estimate),SI.POV.GINI,Barbados,BRB,..,..,..,..,..,..,..,..,..,..,..,..,..,..,..,..,..,..,..,..
Gini index (World Bank estimate),SI.POV.GINI,Belarus,BLR,30.6,30.3,28.8,26.5,27.6,28.3,29.6,27.8,27.7,28.6,27.2,26.5,26.6,27.2,25.6,25.3,25.4,25.2,..,..
Gini index (World Bank estimate),SI.POV.GINI,Belgium,BEL,..,..,28.1,30.5,29.3,28.1,29.2,28.4,28.6,28.4,28.1,27.5,27.7,28.1,27.7,27.6,27.4,..,..,..
Gini index (World Bank estimate),SI.POV.GINI,Belize,BLZ,..,..,..,..,..,..,..,..,..,..,..,..,..,..,..,..,..,..,..,..
Gini index (World Bank estimate),SI.POV.GINI,Benin,BEN,..,..,38.6,..,..,..,..,..,..,..,43.4,..,..,..,47.8,..,..,..,..,..
Gini index (World Bank estimate),SI.POV.GINI,Bermuda,BMU,..,..,..,..,..,..,..,..,..,..,..,..,..,..,..,..,..,..,..,..
Gini index (World Bank estimate),SI.POV.GINI,Bhutan,BTN,..,..,40.9,..,..,..,38.1,..,..,..,..,38.8,..,..,..,..,37.4,..,..,..
Gini index (World Bank estimate),SI.POV.GINI,Bolivia,BOL,57.4,59.3,..,55,58.5,56.7,54.5,50.8,49.2,..,46.1,46.6,47.6,47.8,46.7,44.6,44,42.2,..,..
Gini index (World Bank estimate),SI.POV.GINI,Bosnia and Herzegovina,BIH,30,..,..,34,..,..,33.1,..,..,..,33,..,..,..,..,..,..,..,..,..
Gini index (World Bank estimate),SI.POV.GINI,Botswana,BWA,..,64.7,..,..,..,..,..,..,60.5,..,..,..,..,..,53.3,..,..,..,..,..
Gini index (World Bank estimate),SI.POV.GINI,Brazil,BRA,58.4,58.1,57.6,56.5,56.3,55.6,54.9,54,53.7,..,52.9,53.5,52.8,52.1,51.9,53.3,53.3,53.9,..,..
Gini index (World Bank estimate),SI.POV.GINI,British Virgin Islands,VGB,..,..,..,..,..,..,..,..,..,..,..,..,..,..,..,..,..,..,..,..
Gini index (World Bank estimate),SI.POV.GINI,Brunei Darussalam,BRN,..,..,..,..,..,..,..,..,..,..,..,..,..,..,..,..,..,..,..,..
Gini index (World Bank estimate),SI.POV.GINI,Bulgaria,BGR,..,..,..,..,..,35.7,36.1,33.6,33.8,35.7,34.3,36,36.6,37.4,38.6,40.6,40.4,..,..,..
Gini index (World Bank estimate),SI.POV.GINI,Burkina Faso,BFA,..,..,43.3,..,..,..,..,..,39.8,..,..,..,..,35.3,..,..,..,..,..,..
Gini index (World Bank estimate),SI.POV.GINI,Burundi,BDI,..,..,..,..,..,33.4,..,..,..,..,..,..,38.6,..,..,..,..,..,..,..
Gini index (World Bank estimate),SI.POV.GINI,Cabo Verde,CPV,52.5,..,..,..,..,..,47.2,..,..,..,..,..,..,..,42.4,..,..,..,..,..
Gini index (World Bank estimate),SI.POV.GINI,Cambodia,KHM,..,..,..,..,..,..,..,..,..,..,..,..,..,..,..,..,..,..,..,..
Gini index (World Bank estimate),SI.POV.GINI,Cameroon,CMR,42.1,..,..,..,..,..,42.8,..,..,..,..,..,..,46.6,..,..,..,..,..,..
Gini index (World Bank estimate),SI.POV.GINI,Canada,CAN,..,..,..,33.7,..,..,33.8,..,..,33.6,..,..,33.8,..,..,..,33.3,..,..,..
Gini index (World Bank estimate),SI.POV.GINI,Cayman Islands,CYM,..,..,..,..,..,..,..,..,..,..,..,..,..,..,..,..,..,..,..,..
Gini index (World Bank estimate),SI.POV.GINI,Central African Republic,CAF,..,..,43.6,..,..,..,..,56.2,..,..,..,..,..,..,..,..,..,..,..,..
Gini index (World Bank estimate),SI.POV.GINI,Chad,TCD,..,..,39.8,..,..,..,..,..,..,..,43.3,..,..,..,..,..,..,..,..,..
Gini index (World Bank estimate),SI.POV.GINI,Channel Islands,CHI,..,..,..,..,..,..,..,..,..,..,..,..,..,..,..,..,..,..,..,..
Gini index (World Bank estimate),SI.POV.GINI,Chile,CHL,..,..,51.5,..,..,47.3,..,..,47,..,46,..,45.8,..,44.4,..,44.4,..,..,..
Gini index (World Bank estimate),SI.POV.GINI,China,CHN,..,42,..,..,40.9,..,..,43,..,43.7,42.4,42.2,39.7,39.2,38.6,38.5,..,..,..,..
Gini index (World Bank estimate),SI.POV.GINI,Colombia,COL,57.2,55.8,53.4,54.8,53.7,..,..,55.5,54.4,54.7,53.5,52.7,52.8,52.7,51.1,50.8,49.7,50.4,..,..
Gini index (World Bank estimate),SI.POV.GINI,Comoros,COM,..,..,..,55.9,..,..,..,..,..,..,..,..,..,45.3,..,..,..,..,..,..
Gini index (World Bank estimate),SI.POV.GINI,"Congo, Dem. Rep.",COD,..,..,..,42.2,..,..,..,..,..,..,..,42.1,..,..,..,..,..,..,..,..
Gini index (World Bank estimate),SI.POV.GINI,"Congo, Rep.",COG,..,..,..,..,47.3,..,..,..,..,..,48.9,..,..,..,..,..,..,..,..,..
Gini index (World Bank estimate),SI.POV.GINI,Costa Rica,CRI,51.6,51.9,49.3,48.3,47.5,49.4,49.3,48.7,50.6,48.2,48.7,48.6,49.3,48.6,48.4,48.7,48.3,48,..,..
Gini index (World Bank estimate),SI.POV.GINI,Cote d'Ivoire,CIV,..,41.3,..,..,..,..,..,43.2,..,..,..,..,..,..,41.5,..,..,..,..,..
Gini index (World Bank estimate),SI.POV.GINI,Croatia,HRV,..,..,..,..,..,..,..,..,32.6,32.4,32.3,32.5,32,32.1,31.1,30.9,30.4,..,..,..
Gini index (World Bank estimate),SI.POV.GINI,Cuba,CUB,..,..,..,..,..,..,..,..,..,..,..,..,..,..,..,..,..,..,..,..
Gini index (World Bank estimate),SI.POV.GINI,Curacao,CUW,..,..,..,..,..,..,..,..,..,..,..,..,..,..,..,..,..,..,..,..
Gini index (World Bank estimate),SI.POV.GINI,Cyprus,CYP,..,..,..,30.1,30.3,31.1,31.1,31.7,32.1,31.5,32.6,34.3,37,35.6,34,32.9,31.4,..,..,..
Gini index (World Bank estimate),SI.POV.GINI,Czech Republic,CZE,..,26.6,..,27.5,26.9,26.7,26,26.3,26.2,26.6,26.4,26.1,26.5,25.9,25.9,25.4,24.9,..,..,..
Gini index (World Bank estimate),SI.POV.GINI,Denmark,DNK,..,..,25.6,24.9,25.2,25.9,26.2,25.2,26.7,27.2,27.3,27.8,28.5,28.4,28.2,28.2,28.7,..,..,..
Gini index (World Bank estimate),SI.POV.GINI,Djibouti,DJI,..,40,..,..,..,..,..,..,..,..,..,45.1,44.1,..,..,..,41.6,..,..,..
Gini index (World Bank estimate),SI.POV.GINI,Dominica,DMA,..,..,..,..,..,..,..,..,..,..,..,..,..,..,..,..,..,..,..,..
Gini index (World Bank estimate),SI.POV.GINI,Dominican Republic,DOM,50,49.7,52.1,52.1,50,52,48.9,48.1,48.9,47.3,47.7,46.1,47.7,44.3,45.2,45.7,42.2,43.7,..,..
Gini index (World Bank estimate),SI.POV.GINI,Ecuador,ECU,..,..,53.4,53.9,53.1,52.2,53.3,49.7,48.4,48.7,45.9,46.1,46.9,45,46,45,44.7,45.4,..,..
Gini index (World Bank estimate),SI.POV.GINI,"Egypt, Arab Rep.",EGY,..,..,..,31.8,..,..,..,31.1,..,30.2,..,28.3,..,..,31.8,..,31.5,..,..,..
Gini index (World Bank estimate),SI.POV.GINI,El Salvador,SLV,51.4,51.9,50.4,47.8,48.5,45.7,45.2,46.9,45.8,43.5,42.3,41.8,43.4,41.6,40.6,40,38,38.6,..,..
Gini index (World Bank estimate),SI.POV.GINI,Equatorial Guinea,GNQ,..,..,..,..,..,..,..,..,..,..,..,..,..,..,..,..,..,..,..,..
Gini index (World Bank estimate),SI.POV.GINI,Eritrea,ERI,..,..,..,..,..,..,..,..,..,..,..,..,..,..,..,..,..,..,..,..
Gini index (World Bank estimate),SI.POV.GINI,Estonia,EST,..,..,37.2,33.6,33.4,33.7,31.2,31.9,31.4,32,32.5,32.9,35.1,34.6,32.7,31.2,30.4,..,..,..
Gini index (World Bank estimate),SI.POV.GINI,Eswatini,SWZ,..,..,..,..,..,..,..,..,51.5,..,..,..,..,..,..,54.6,..,..,..,..
Gini index (World Bank estimate),SI.POV.GINI,Ethiopia,ETH,..,..,..,29.8,..,..,..,..,..,33.2,..,..,..,..,35,..,..,..,..,..
Gini index (World Bank estimate),SI.POV.GINI,Faroe Islands,FRO,..,..,..,..,..,..,..,..,..,..,..,..,..,..,..,..,..,..,..,..
Gini index (World Bank estimate),SI.POV.GINI,Fiji,FJI,..,38.1,..,..,..,..,..,40.4,..,..,..,..,36.7,..,..,..,..,..,..,..
Gini index (World Bank estimate),SI.POV.GINI,Finland,FIN,..,..,27.7,27.9,27.6,28,28.3,27.8,27.5,27.7,27.6,27.1,27.2,26.8,27.1,27.1,27.4,..,..,..
Gini index (World Bank estimate),SI.POV.GINI,France,FRA,..,..,31.4,30.6,29.8,29.7,32.4,33,32.7,33.7,33.3,33.1,32.5,32.3,32.7,31.9,31.6,..,..,..
Gini index (World Bank estimate),SI.POV.GINI,French Polynesia,PYF,..,..,..,..,..,..,..,..,..,..,..,..,..,..,..,..,..,..,..,..
Gini index (World Bank estimate),SI.POV.GINI,Gabon,GAB,..,..,..,..,42.2,..,..,..,..,..,..,..,..,..,..,..,38,..,..,..
Gini index (World Bank estimate),SI.POV.GINI,"Gambia, The",GMB,..,..,47.3,..,..,..,..,..,..,43.6,..,..,..,..,35.9,..,..,..,..,..
Gini index (World Bank estimate),SI.POV.GINI,Georgia,GEO,39.6,37.2,36.7,36.2,37.4,36.9,38.1,38.5,38.2,39.5,39.6,39,38.6,37.6,36.5,36.6,37.9,36.4,..,..
Gini index (World Bank estimate),SI.POV.GINI,Germany,DEU,30.3,29.9,30,30.4,32.1,31.3,31.3,31.1,30.5,30.2,30.5,..,31.1,..,31.7,31.9,..,..,..,..
Gini index (World Bank estimate),SI.POV.GINI,Ghana,GHA,..,..,..,..,42.8,..,..,..,..,..,..,42.4,..,..,..,43.5,..,..,..,..
Gini index (World Bank estimate),SI.POV.GINI,Gibraltar,GIB,..,..,..,..,..,..,..,..,..,..,..,..,..,..,..,..,..,..,..,..
Gini index (World Bank estimate),SI.POV.GINI,Greece,GRC,..,..,32.8,33.6,34.6,35.1,34,33.6,33.6,34.1,34.8,36.3,36.1,35.8,36,35,34.4,..,..,..
Gini index (World Bank estimate),SI.POV.GINI,Greenland,GRL,..,..,..,..,..,..,..,..,..,..,..,..,..,..,..,..,..,..,..,..
Gini index (World Bank estimate),SI.POV.GINI,Grenada,GRD,..,..,..,..,..,..,..,..,..,..,..,..,..,..,..,..,..,..,..,..
Gini index (World Bank estimate),SI.POV.GINI,Guam,GUM,..,..,..,..,..,..,..,..,..,..,..,..,..,..,..,..,..,..,..,..
Gini index (World Bank estimate),SI.POV.GINI,Guatemala,GTM,..,..,..,..,..,54.6,..,..,..,..,..,..,..,48.3,..,..,..,..,..,..
Gini index (World Bank estimate),SI.POV.GINI,Guinea,GIN,..,43,..,..,..,..,39.4,..,..,..,..,33.7,..,..,..,..,..,..,..,..
Gini index (World Bank estimate),SI.POV.GINI,Guinea-Bissau,GNB,..,35.6,..,..,..,..,..,..,..,50.7,..,..,..,..,..,..,..,..,..,..
Gini index (World Bank estimate),SI.POV.GINI,Guyana,GUY,..,..,..,..,..,..,..,..,..,..,..,..,..,..,..,..,..,..,..,..
Gini index (World Bank estimate),SI.POV.GINI,Haiti,HTI,..,..,..,..,..,..,..,..,..,..,..,41.1,..,..,..,..,..,..,..,..
Gini index (World Bank estimate),SI.POV.GINI,Honduras,HND,55.6,55.7,58.1,58.1,59.5,57.5,55.8,55.5,51.3,53.1,56.2,56.1,52.6,50.4,49.6,51.1,50.5,52.1,..,..
Gini index (World Bank estimate),SI.POV.GINI,"Hong Kong SAR, China",HKG,..,..,..,..,..,..,..,..,..,..,..,..,..,..,..,..,..,..,..,..
Gini index (World Bank estimate),SI.POV.GINI,Hungary,HUN,..,..,..,29.9,34.7,28.3,27.9,27.5,27,29.4,29.2,30.8,31.5,30.9,30.4,30.3,30.6,..,..,..
Gini index (World Bank estimate),SI.POV.GINI,Iceland,ISL,..,..,26.8,28,29,30.2,29.5,31.8,28.7,26.2,26.8,26.8,25.4,27.8,26.8,..,..,..,..,..
Gini index (World Bank estimate),SI.POV.GINI,India,IND,..,..,..,34.4,..,..,..,..,35.4,..,35.7,..,..,..,..,..,..,..,..,..
Gini index (World Bank estimate),SI.POV.GINI,Indonesia,IDN,29,31.7,31.9,32.7,33,34.3,35.7,35.2,35.1,36.4,39.7,39.7,40,39.4,39.7,38.6,38.1,37.8,..,..
Gini index (World Bank estimate),SI.POV.GINI,"Iran, Islamic Rep.",IRN,..,..,..,..,43.6,44.8,..,..,42.1,..,..,..,37.4,38.8,39.5,40,40.8,..,..,..
Gini index (World Bank estimate),SI.POV.GINI,Iraq,IRQ,..,..,..,..,..,28.6,..,..,..,..,..,29.5,..,..,..,..,..,..,..,..
Gini index (World Bank estimate),SI.POV.GINI,Ireland,IRL,..,..,32.9,33.6,33.8,32.7,31.9,30.9,32.7,32.3,32.9,33.2,33.5,31.9,31.8,32.8,..,..,..,..
Gini index (World Bank estimate),SI.POV.GINI,Isle of Man,IMN,..,..,..,..,..,..,..,..,..,..,..,..,..,..,..,..,..,..,..,..
Gini index (World Bank estimate),SI.POV.GINI,Israel,ISR,38.9,..,..,..,41.8,..,41.1,..,..,42.5,..,41.3,..,39.8,..,39,..,..,..,..
Gini index (World Bank estimate),SI.POV.GINI,Italy,ITA,..,..,34.9,34.3,33.8,33.7,32.9,33.8,33.8,34.7,35.1,35.2,34.9,34.7,35.4,35.2,35.9,..,..,..
Gini index (World Bank estimate),SI.POV.GINI,Jamaica,JAM,..,48.3,..,45.5,..,..,..,..,..,..,..,..,..,..,..,..,..,..,..,..
Gini index (World Bank estimate),SI.POV.GINI,Japan,JPN,..,..,..,..,..,..,..,34.8,..,32.1,..,..,32.9,..,..,..,..,..,..,..
Gini index (World Bank estimate),SI.POV.GINI,Jordan,JOR,..,37,..,..,..,33.9,..,32.6,..,33.7,..,..,..,..,..,..,..,..,..,..
Gini index (World Bank estimate),SI.POV.GINI,Kazakhstan,KAZ,36,34.8,33.7,31.8,39.8,30.2,30.1,28.5,28.2,28,28,28.2,27.1,27,26.8,27.2,27.5,..,..,..
Gini index (World Bank estimate),SI.POV.GINI,Kenya,KEN,..,..,..,..,46.5,..,..,..,..,..,..,..,..,..,40.8,..,..,..,..,..
Gini index (World Bank estimate),SI.POV.GINI,Kiribati,KIR,..,..,..,..,..,37,..,..,..,..,..,..,..,..,..,..,..,..,..,..
Gini index (World Bank estimate),SI.POV.GINI,"Korea, Dem. People’s Rep.",PRK,..,..,..,..,..,..,..,..,..,..,..,..,..,..,..,..,..,..,..,..
Gini index (World Bank estimate),SI.POV.GINI,"Korea, Rep.",KOR,..,..,..,..,..,31.7,..,32.3,..,32,..,31.6,..,..,..,..,..,..,..,..
Gini index (World Bank estimate),SI.POV.GINI,Kosovo,XKX,..,..,29,..,31.2,30.3,..,..,31.8,33.3,27.8,29,26.3,27.3,26.5,26.7,29,..,..,..
Gini index (World Bank estimate),SI.POV.GINI,Kuwait,KWT,..,..,..,..,..,..,..,..,..,..,..,..,..,..,..,..,..,..,..,..
Gini index (World Bank estimate),SI.POV.GINI,Kyrgyz Republic,KGZ,30.2,30.3,28.7,34.8,32.6,37.4,33.9,31.5,29.9,30.1,27.8,27.4,28.8,26.8,29,26.8,27.3,27.7,..,..
Gini index (World Bank estimate),SI.POV.GINI,Lao PDR,LAO,..,32.6,..,..,..,..,35.4,..,..,..,..,36.4,..,..,..,..,..,..,..,..
Gini index (World Bank estimate),SI.POV.GINI,Latvia,LVA,..,..,..,36.4,39,35.6,37.5,37.2,36,35,35.8,35.2,35.5,35.1,34.2,34.3,35.6,..,..,..
Gini index (World Bank estimate),SI.POV.GINI,Lebanon,LBN,..,..,..,..,..,..,..,..,..,..,31.8,..,..,..,..,..,..,..,..,..
Gini index (World Bank estimate),SI.POV.GINI,Lesotho,LSO,..,51.6,..,..,..,..,..,..,..,..,..,..,..,..,..,..,44.9,..,..,..
Gini index (World Bank estimate),SI.POV.GINI,Liberia,LBR,..,..,..,..,..,..,36.5,..,..,..,..,..,..,33.2,..,35.3,..,..,..,..
Gini index (World Bank estimate),SI.POV.GINI,Libya,LBY,..,..,..,..,..,..,..,..,..,..,..,..,..,..,..,..,..,..,..,..
Gini index (World Bank estimate),SI.POV.GINI,Liechtenstein,LIE,..,..,..,..,..,..,..,..,..,..,..,..,..,..,..,..,..,..,..,..
Gini index (World Bank estimate),SI.POV.GINI,Lithuania,LTU,..,..,..,37,35.3,34.4,34.8,35.7,37.2,33.6,32.5,35.1,35.3,37.7,37.4,38.4,37.3,..,..,..
Gini index (World Bank estimate),SI.POV.GINI,Luxembourg,LUX,..,..,30.2,30.2,30.8,30.9,31.1,32.6,31.2,30.5,32.1,34.3,32,31.2,33.8,33,34.9,..,..,..
Gini index (World Bank estimate),SI.POV.GINI,"Macao SAR, China",MAC,..,..,..,..,..,..,..,..,..,..,..,..,..,..,..,..,..,..,..,..
Gini index (World Bank estimate),SI.POV.GINI,Madagascar,MDG,47.4,..,..,..,39.9,..,..,..,..,42.4,..,42.6,..,..,..,..,..,..,..,..
Gini index (World Bank estimate),SI.POV.GINI,Malawi,MWI,..,..,..,39.9,..,..,..,..,..,45.5,..,..,..,..,..,44.7,..,..,..,..
Gini index (World Bank estimate),SI.POV.GINI,Malaysia,MYS,..,..,..,46.1,..,..,46.1,45.5,..,..,43.9,..,41.3,..,41,..,..,..,..,..
Gini index (World Bank estimate),SI.POV.GINI,Maldives,MDV,..,41.3,..,..,..,..,..,..,38.4,..,..,..,..,..,..,31.3,..,..,..,..
Gini index (World Bank estimate),SI.POV.GINI,Mali,MLI,39.9,..,..,..,..,38.9,..,..,33,..,..,..,..,..,..,..,..,..,..,..
Gini index (World Bank estimate),SI.POV.GINI,Malta,MLT,..,..,..,..,..,28,29.2,29,30.2,29,29.1,29.4,28.8,29,29.4,29.1,29.2,..,..,..
Gini index (World Bank estimate),SI.POV.GINI,Marshall Islands,MHL,..,..,..,..,..,..,..,..,..,..,..,..,..,..,..,..,..,..,..,..
Gini index (World Bank estimate),SI.POV.GINI,Mauritania,MRT,..,..,..,40.2,..,..,..,35.7,..,..,..,..,..,32.6,..,..,..,..,..,..
Gini index (World Bank estimate),SI.POV.GINI,Mauritius,MUS,..,..,..,..,..,35.7,..,..,..,..,..,38.5,..,..,..,..,36.8,..,..,..
Gini index (World Bank estimate),SI.POV.GINI,Mexico,MEX,..,50.1,..,50,50.1,48.9,..,49.9,..,47.2,..,48.7,..,48.7,..,46.3,..,45.4,..,..
Gini index (World Bank estimate),SI.POV.GINI,"Micronesia, Fed. Sts.",FSM,..,..,..,..,42.4,..,..,..,..,..,..,..,40.1,..,..,..,..,..,..,..
Gini index (World Bank estimate),SI.POV.GINI,Moldova,MDA,38,35.8,34.9,35,36.3,35.4,34.4,34.7,32.9,32.1,30.6,29.2,28.5,26.8,27,26.3,25.9,25.7,..,..
Gini index (World Bank estimate),SI.POV.GINI,Monaco,MCO,..,..,..,..,..,..,..,..,..,..,..,..,..,..,..,..,..,..,..,..
Gini index (World Bank estimate),SI.POV.GINI,Mongolia,MNG,..,32.9,..,..,..,..,35.8,..,..,33.1,33.9,33.8,..,32,..,32.3,..,32.7,..,..
Gini index (World Bank estimate),SI.POV.GINI,Montenegro,MNE,..,..,..,..,..,..,..,..,..,..,..,41.2,39,38.8,39,..,..,..,..,..
Gini index (World Bank estimate),SI.POV.GINI,Morocco,MAR,..,..,..,..,..,40.7,..,..,..,..,..,..,39.5,..,..,..,..,..,..,..
Gini index (World Bank estimate),SI.POV.GINI,Mozambique,MOZ,..,47,..,..,..,..,..,45.6,..,..,..,..,..,54,..,..,..,..,..,..
Gini index (World Bank estimate),SI.POV.GINI,Myanmar,MMR,..,..,..,..,..,..,..,..,..,..,..,..,..,..,38.1,..,30.7,..,..,..
Gini index (World Bank estimate),SI.POV.GINI,Namibia,NAM,..,..,63.3,..,..,..,..,..,61,..,..,..,..,..,59.1,..,..,..,..,..
Gini index (World Bank estimate),SI.POV.GINI,Nauru,NRU,..,..,..,..,..,..,..,..,..,..,..,..,..,..,..,..,..,..,..,..
Gini index (World Bank estimate),SI.POV.GINI,Nepal,NPL,..,..,43.8,..,..,..,..,..,..,32.8,..,..,..,..,..,..,..,..,..,..
Gini index (World Bank estimate),SI.POV.GINI,Netherlands,NLD,..,..,..,29.8,29,30,29.6,29.3,27.9,27.8,27.8,27.6,28.1,28.6,28.2,28.2,28.5,..,..,..
Gini index (World Bank estimate),SI.POV.GINI,New Caledonia,NCL,..,..,..,..,..,..,..,..,..,..,..,..,..,..,..,..,..,..,..,..
Gini index (World Bank estimate),SI.POV.GINI,New Zealand,NZL,..,..,..,..,..,..,..,..,..,..,..,..,..,..,..,..,..,..,..,..
Gini index (World Bank estimate),SI.POV.GINI,Nicaragua,NIC,52.9,..,..,..,48.8,..,..,..,43.9,..,..,..,..,46.2,..,..,..,..,..,..
Gini index (World Bank estimate),SI.POV.GINI,Niger,NER,..,..,..,..,44.4,..,37.3,..,..,..,31.5,..,..,34.3,..,..,..,..,..,..
Gini index (World Bank estimate),SI.POV.GINI,Nigeria,NGA,..,..,40.1,..,..,..,..,..,43,..,..,..,..,..,..,..,..,35.1,..,..
Gini index (World Bank estimate),SI.POV.GINI,North Macedonia,MKD,..,..,..,..,..,..,..,..,42.8,40.2,39.4,38.1,36.2,35.2,35.6,34.5,34.2,..,..,..
Gini index (World Bank estimate),SI.POV.GINI,Northern Mariana Islands,MNP,..,..,..,..,..,..,..,..,..,..,..,..,..,..,..,..,..,..,..,..
Gini index (World Bank estimate),SI.POV.GINI,Norway,NOR,..,..,27.6,31.6,30.6,26.4,27.1,27,26.2,25.7,25.3,25.7,26.4,26.8,27.5,28.5,27,..,..,..
Gini index (World Bank estimate),SI.POV.GINI,Oman,OMN,..,..,..,..,..,..,..,..,..,..,..,..,..,..,..,..,..,..,..,..
Gini index (World Bank estimate),SI.POV.GINI,Pakistan,PAK,30.4,..,..,32.5,32.7,..,31.6,..,..,29.8,30.9,..,30.7,..,33.5,..,..,..,..,..
Gini index (World Bank estimate),SI.POV.GINI,Palau,PLW,..,..,..,..,..,..,..,..,..,..,..,..,..,..,..,..,..,..,..,..
Gini index (World Bank estimate),SI.POV.GINI,Panama,PAN,56.9,56.2,55.8,54.8,53.8,54.6,52.7,52.7,51.8,51.6,51.3,51.7,51.5,50.5,50.8,50.4,49.9,49.2,..,..
Gini index (World Bank estimate),SI.POV.GINI,Papua New Guinea,PNG,..,..,..,..,..,..,..,..,41.9,..,..,..,..,..,..,..,..,..,..,..
Gini index (World Bank estimate),SI.POV.GINI,Paraguay,PRY,54.6,57.3,54.9,52.3,51.4,53,53,50.7,49.1,51,52.3,47.6,47.9,50.7,47.6,47.9,48.8,46.2,..,..
Gini index (World Bank estimate),SI.POV.GINI,Peru,PER,51.3,53.6,53.1,49.9,50.4,50.3,50,47.5,47,45.5,44.7,44.4,43.9,43.2,43.4,43.6,43.3,42.8,..,..
Gini index (World Bank estimate),SI.POV.GINI,Philippines,PHL,..,..,46.6,..,..,47.2,..,..,46.3,..,..,46.5,..,..,44.4,..,..,..,..,..
Gini index (World Bank estimate),SI.POV.GINI,Poland,POL,..,..,..,38,35.8,34.7,34,33.5,33.4,33.2,33.2,33,33.1,32.8,31.8,31.2,29.7,..,..,..
Gini index (World Bank estimate),SI.POV.GINI,Portugal,PRT,..,..,38.7,38.9,38.5,38.1,36.8,36.6,34.9,35.8,36.3,36,36.2,35.6,35.5,35.2,33.8,..,..,..
Gini index (World Bank estimate),SI.POV.GINI,Puerto Rico,PRI,..,..,..,..,..,..,..,..,..,..,..,..,..,..,..,..,..,..,..,..
Gini index (World Bank estimate),SI.POV.GINI,Qatar,QAT,..,..,..,..,..,..,..,..,..,..,..,..,..,..,..,..,..,..,..,..
Gini index (World Bank estimate),SI.POV.GINI,Romania,ROU,..,..,..,..,..,39.6,37.5,36.4,35.6,35.5,35.9,36.5,36.9,36,35.9,34.4,36,..,..,..
Gini index (World Bank estimate),SI.POV.GINI,Russian Federation,RUS,36.9,37.3,40,40.3,41.3,41,42.3,41.6,39.8,39.5,39.7,40.7,40.9,39.9,37.7,36.8,37.2,37.5,..,..
Gini index (World Bank estimate),SI.POV.GINI,Rwanda,RWA,..,..,..,..,52,..,..,..,..,47.2,..,..,45.1,..,..,43.7,..,..,..,..
Gini index (World Bank estimate),SI.POV.GINI,Samoa,WSM,..,40.7,..,..,..,..,..,42,..,..,..,..,38.7,..,..,..,..,..,..,..
Gini index (World Bank estimate),SI.POV.GINI,San Marino,SMR,..,..,..,..,..,..,..,..,..,..,..,..,..,..,..,..,..,..,..,..
Gini index (World Bank estimate),SI.POV.GINI,Sao Tome and Principe,STP,..,..,..,..,..,..,..,..,..,30.8,..,..,..,..,..,..,56.3,..,..,..
Gini index (World Bank estimate),SI.POV.GINI,Saudi Arabia,SAU,..,..,..,..,..,..,..,..,..,..,..,..,..,..,..,..,..,..,..,..
Gini index (World Bank estimate),SI.POV.GINI,Senegal,SEN,41.2,..,..,..,39.2,..,..,..,..,..,40.3,..,..,..,..,..,..,..,..,..
Gini index (World Bank estimate),SI.POV.GINI,Serbia,SRB,..,..,..,..,..,..,..,..,..,..,..,39.9,39.5,40.5,40.5,38.8,36.2,..,..,..
Gini index (World Bank estimate),SI.POV.GINI,Seychelles,SYC,..,..,..,..,..,..,..,..,..,..,..,..,46.8,..,..,..,..,..,..,..
Gini index (World Bank estimate),SI.POV.GINI,Sierra Leone,SLE,..,..,40.2,..,..,..,..,..,..,..,34,..,..,..,..,..,..,35.7,..,..
Gini index (World Bank estimate),SI.POV.GINI,Singapore,SGP,..,..,..,..,..,..,..,..,..,..,..,..,..,..,..,..,..,..,..,..
Gini index (World Bank estimate),SI.POV.GINI,Sint Maarten (Dutch part),SXM,..,..,..,..,..,..,..,..,..,..,..,..,..,..,..,..,..,..,..,..
Gini index (World Bank estimate),SI.POV.GINI,Slovak Republic,SVK,..,..,..,27.1,29.3,25.8,24.7,26,27.2,27.3,26.5,26.1,28.1,26.1,26.5,25.2,..,..,..,..
Gini index (World Bank estimate),SI.POV.GINI,Slovenia,SVN,..,..,..,24.8,24.6,24.4,24.4,23.7,24.8,24.9,24.9,25.6,26.2,25.7,25.4,24.8,24.2,..,..,..
Gini index (World Bank estimate),SI.POV.GINI,Solomon Islands,SLB,..,..,..,..,46.1,..,..,..,..,..,..,..,37.1,..,..,..,..,..,..,..
Gini index (World Bank estimate),SI.POV.GINI,Somalia,SOM,..,..,..,..,..,..,..,..,..,..,..,..,..,..,..,..,..,..,..,..
Gini index (World Bank estimate),SI.POV.GINI,South Africa,ZAF,..,..,..,..,64.8,..,..,63,..,63.4,..,..,..,63,..,..,..,..,..,..
Gini index (World Bank estimate),SI.POV.GINI,South Sudan,SSD,..,..,..,..,..,..,..,..,46.3,..,..,..,..,..,..,..,..,..,..,..
Gini index (World Bank estimate),SI.POV.GINI,Spain,ESP,..,..,31.8,33.3,32.4,33.5,34.1,34.2,34.9,35.2,35.7,35.4,36.2,36.1,36.2,35.8,34.7,..,..,..
Gini index (World Bank estimate),SI.POV.GINI,Sri Lanka,LKA,..,41,..,..,..,40.3,..,..,36.4,..,..,39.2,..,..,..,39.8,..,..,..,..
Gini index (World Bank estimate),SI.POV.GINI,St. Kitts and Nevis,KNA,..,..,..,..,..,..,..,..,..,..,..,..,..,..,..,..,..,..,..,..
Gini index (World Bank estimate),SI.POV.GINI,St. Lucia,LCA,..,..,..,..,..,..,..,..,..,..,..,..,..,..,..,51.2,..,..,..,..
Gini index (World Bank estimate),SI.POV.GINI,St. Martin (French part),MAF,..,..,..,..,..,..,..,..,..,..,..,..,..,..,..,..,..,..,..,..
Gini index (World Bank estimate),SI.POV.GINI,St. Vincent and the Grenadines,VCT,..,..,..,..,..,..,..,..,..,..,..,..,..,..,..,..,..,..,..,..
Gini index (World Bank estimate),SI.POV.GINI,Sudan,SDN,..,..,..,..,..,..,..,..,35.4,..,..,..,..,34.2,..,..,..,..,..,..
Gini index (World Bank estimate),SI.POV.GINI,Suriname,SUR,..,..,..,..,..,..,..,..,..,..,..,..,..,..,..,..,..,..,..,..
Gini index (World Bank estimate),SI.POV.GINI,Sweden,SWE,..,..,25.3,26.1,26.8,26.4,27.1,28.1,27.3,27.7,27.6,27.6,28.8,28.4,29.2,29.6,28.8,..,..,..
Gini index (World Bank estimate),SI.POV.GINI,Switzerland,CHE,..,31.7,..,..,..,33.9,34.3,33.8,32.9,32.6,31.7,31.6,32.5,32.5,32.3,33,32.7,..,..,..
Gini index (World Bank estimate),SI.POV.GINI,Syrian Arab Republic,SYR,..,..,..,35.8,..,..,..,..,..,..,..,..,..,..,..,..,..,..,..,..
Gini index (World Bank estimate),SI.POV.GINI,Tajikistan,TJK,..,..,32.7,33.6,..,..,32.2,..,30.8,..,..,..,..,..,34,..,..,..,..,..
Gini index (World Bank estimate),SI.POV.GINI,Tanzania,TZA,..,..,..,..,..,..,40.3,..,..,..,37.8,..,..,..,..,..,40.5,..,..,..
Gini index (World Bank estimate),SI.POV.GINI,Thailand,THA,..,41.9,..,42.5,..,41.8,39.8,40.3,39.6,39.4,37.5,39.3,37.8,37,36,36.9,36.5,36.4,..,..
Gini index (World Bank estimate),SI.POV.GINI,Timor-Leste,TLS,35.9,..,..,..,..,..,27.8,..,..,..,..,..,..,28.7,..,..,..,..,..,..
Gini index (World Bank estimate),SI.POV.GINI,Togo,TGO,..,..,..,..,..,42.2,..,..,..,..,46,..,..,..,43.1,..,..,..,..,..
Gini index (World Bank estimate),SI.POV.GINI,Tonga,TON,37.7,..,..,..,..,..,..,..,37.5,..,..,..,..,..,37.6,..,..,..,..,..
Gini index (World Bank estimate),SI.POV.GINI,Trinidad and Tobago,TTO,..,..,..,..,..,..,..,..,..,..,..,..,..,..,..,..,..,..,..,..
Gini index (World Bank estimate),SI.POV.GINI,Tunisia,TUN,..,..,..,..,37.7,..,..,..,..,35.8,..,..,..,..,32.8,..,..,..,..,..
Gini index (World Bank estimate),SI.POV.GINI,Turkey,TUR,..,41.4,42.2,41.3,42.6,39.6,38.4,39,39,38.8,40,40.2,40.2,41.2,42.9,41.9,41.4,41.9,..,..
Gini index (World Bank estimate),SI.POV.GINI,Turkmenistan,TKM,..,..,..,..,..,..,..,..,..,..,..,..,..,..,..,..,..,..,..,..
Gini index (World Bank estimate),SI.POV.GINI,Turks and Caicos Islands,TCA,..,..,..,..,..,..,..,..,..,..,..,..,..,..,..,..,..,..,..,..
Gini index (World Bank estimate),SI.POV.GINI,Tuvalu,TUV,..,..,..,..,..,..,..,..,..,39.1,..,..,..,..,..,..,..,..,..,..
Gini index (World Bank estimate),SI.POV.GINI,Uganda,UGA,..,45.2,..,..,42.9,..,..,..,44.2,..,..,41,..,..,..,42.8,..,..,..,..
Gini index (World Bank estimate),SI.POV.GINI,Ukraine,UKR,..,29,28.7,28.9,29,29.8,27,26.6,25.3,24.8,24.6,24.7,24.6,24,25.5,25,26,26.1,..,..
Gini index (World Bank estimate),SI.POV.GINI,United Arab Emirates,ARE,..,..,..,..,..,..,..,..,..,..,..,..,..,32.5,..,..,..,..,..,..
Gini index (World Bank estimate),SI.POV.GINI,United Kingdom,GBR,..,..,..,36,34.3,34.6,35.7,34.1,34.3,34.4,33.2,32.3,33.2,34,33.2,34.8,..,..,..,..
Gini index (World Bank estimate),SI.POV.GINI,United States,USA,..,..,..,40.3,..,..,40.8,..,..,40,..,..,40.7,..,..,41.1,..,..,..,..
Gini index (World Bank estimate),SI.POV.GINI,Uruguay,URY,44.9,45.5,45,45.8,44.7,45.9,46.4,45.1,45.5,44.5,42.1,39.9,40.4,40.1,40.1,39.7,39.5,39.7,..,..
Gini index (World Bank estimate),SI.POV.GINI,Uzbekistan,UZB,..,33,35.3,..,..,..,..,..,..,..,..,..,..,..,..,..,..,..,..,..
Gini index (World Bank estimate),SI.POV.GINI,Vanuatu,VUT,..,..,..,..,..,..,..,..,..,37.6,..,..,..,..,..,..,..,..,..,..
Gini index (World Bank estimate),SI.POV.GINI,"Venezuela, RB",VEN,48.2,50.6,50.4,49.8,52.4,46.9,..,..,..,..,..,..,..,..,..,..,..,..,..,..
Gini index (World Bank estimate),SI.POV.GINI,Vietnam,VNM,..,37,..,36.8,..,35.8,..,35.6,..,39.3,..,35.6,..,34.8,..,35.3,..,35.7,..,..
Gini index (World Bank estimate),SI.POV.GINI,Virgin Islands (U.S.),VIR,..,..,..,..,..,..,..,..,..,..,..,..,..,..,..,..,..,..,..,..
Gini index (World Bank estimate),SI.POV.GINI,West Bank and Gaza,PSE,..,..,..,34,34.7,34,35.6,..,34.5,35.3,34.4,..,..,..,..,33.7,..,..,..,..
Gini index (World Bank estimate),SI.POV.GINI,"Yemen, Rep.",YEM,..,..,..,..,34.7,..,..,..,..,..,..,..,..,36.7,..,..,..,..,..,..
Gini index (World Bank estimate),SI.POV.GINI,Zambia,ZMB,..,42.1,..,54.3,..,54.6,..,..,..,55.6,..,..,..,..,57.1,..,..,..,..,..
Gini index (World Bank estimate),SI.POV.GINI,Zimbabwe,ZWE,..,..,..,..,..,..,..,..,..,..,43.2,..,..,..,..,..,44.3,..,..,..
"Population, total",SP.POP.TOTL,Afghanistan,AFG,21606988,22600770,23680871,24726684,25654277,26433049,27100536,27722276,28394813,29185507,30117413,31161376,32269589,33370794,34413603,35383128,36296400,37172386,38041754,..
"Population, total",SP.POP.TOTL,Albania,ALB,3060173,3051010,3039616,3026939,3011487,2992547,2970017,2947314,2927519,2913021,2905195,2900401,2895092,2889104,2880703,2876101,2873457,2866376,2854191,..
"Population, total",SP.POP.TOTL,Algeria,DZA,31451514,31855109,32264157,32692163,33149724,33641002,34166972,34730608,35333881,35977455,36661444,37383887,38140132,38923687,39728025,40551404,41389198,42228429,43053054,..
"Population, total",SP.POP.TOTL,American Samoa,ASM,58494,59080,59504,59681,59562,59107,58365,57492,56683,56079,55759,55667,55713,55791,55812,55741,55620,55465,55312,..
"Population, total",SP.POP.TOTL,Andorra,AND,67341,70049,73182,76244,78867,80993,82684,83862,84463,84449,83747,82427,80774,79213,78011,77297,77001,77006,77142,..
"Population, total",SP.POP.TOTL,Angola,AGO,16945753,17519417,18121479,18758145,19433602,20149901,20905363,21695634,22514281,23356246,24220661,25107931,26015780,26941779,27884381,28842484,29816748,30809762,31825295,..
"Population, total",SP.POP.TOTL,Antigua and Barbuda,ATG,77212,78295,79300,80336,81465,82704,84026,85397,86746,88028,89253,90409,91516,92562,93566,94527,95426,96286,97118,..
"Population, total",SP.POP.TOTL,Argentina,ARG,37275652,37681749,38087868,38491972,38892931,39289878,39684295,40080160,40482788,40788453,41261490,41733271,42202935,42669500,43131966,43590368,44044811,44494502,44938712,..
"Population, total",SP.POP.TOTL,Armenia,ARM,3050687,3033978,3017932,3000720,2981269,2958307,2932618,2907618,2888092,2877319,2876538,2884229,2897584,2912403,2925553,2936146,2944809,2951776,2957731,..
"Population, total",SP.POP.TOTL,Aruba,ABW,92898,94992,97017,98737,100031,100834,101222,101358,101455,101669,102046,102560,103159,103774,104341,104872,105366,105845,106314,..
"Population, total",SP.POP.TOTL,Australia,AUS,19413000,19651400,19895400,20127400,20394800,20697900,20827600,21249200,21691700,22031750,22340024,22733465,23128129,23475686,23815995,24190907,24601860,24982688,25364307,..
"Population, total",SP.POP.TOTL,Austria,AUT,8042293,8081957,8121423,8171966,8227829,8268641,8295487,8321496,8343323,8363404,8391643,8429991,8479823,8546356,8642699,8736668,8797566,8840521,8877067,..
"Population, total",SP.POP.TOTL,Azerbaijan,AZE,8111200,8171950,8234100,8306500,8391850,8484550,8581300,8763400,8947243,9054332,9173082,9295784,9416801,9535079,9649341,9757812,9854033,9939771,10023318,..
"Population, total",SP.POP.TOTL,"Bahamas, The",BHS,302618,307660,313129,318894,324859,331033,337389,343681,349604,354942,359577,363584,367168,370633,374206,377931,381761,385640,389482,..
"Population, total",SP.POP.TOTL,Bahrain,BHR,697545,735146,778708,829844,889164,958418,1035919,1114641,1185076,1240860,1278151,1299943,1315029,1336075,1371851,1425791,1494074,1569439,1641172,..
"Population, total",SP.POP.TOTL,Bangladesh,BGD,130088702,132478086,134791603,136986432,139035505,140921167,142660376,144304167,145924797,147575430,149273778,151007807,152764676,154520167,156256276,157970840,159670593,161356039,163046161,..
"Population, total",SP.POP.TOTL,Barbados,BRB,272500,273425,274329,275284,276323,277477,278700,279946,281104,282131,282987,283700,284296,284825,285324,285796,286233,286641,287025,..
"Population, total",SP.POP.TOTL,Belarus,BLR,9928549,9865548,9796749,9730146,9663915,9604924,9560953,9527985,9506765,9490583,9473172,9464495,9465997,9474511,9489616,9501534,9498264,9483499,9466856,..
"Population, total",SP.POP.TOTL,Belgium,BEL,10286570,10332785,10376133,10421137,10478617,10547958,10625700,10709973,10796493,10895586,11038264,11106932,11159407,11209057,11274196,11331422,11375158,11427054,11484055,..
"Population, total",SP.POP.TOTL,Belize,BLZ,255063,262378,269425,276504,283800,291329,299025,306823,314655,322464,330237,338000,345715,353366,360933,368400,375769,383071,390353,..
"Population, total",SP.POP.TOTL,Benin,BEN,7076733,7295394,7520555,7750004,7982225,8216897,8454793,8696921,8944708,9199259,9460830,9729248,10004588,10286842,10575952,10872067,11175204,11485048,11801151,..
"Population, total",SP.POP.TOTL,Bermuda,BMU,62504,62912,63325,63740,64154,64523,64888,65273,65636,65124,64564,64798,65001,65138,65237,64554,63873,63920,63918,..
"Population, total",SP.POP.TOTL,Bhutan,BTN,603640,616018,627839,638815,648739,657410,664876,671613,678323,685503,693298,701583,710238,719056,727876,736709,745568,754394,763092,..
"Population, total",SP.POP.TOTL,Bolivia,BOL,8580235,8742814,8905823,9069039,9232306,9395446,9558439,9721454,9884781,10048590,10212954,10377676,10542376,10706517,10869730,11031813,11192854,11353142,11513100,..
"Population, total",SP.POP.TOTL,Bosnia and Herzegovina,BIH,3755512,3759387,3762173,3764194,3765331,3765424,3762786,3754271,3735938,3705472,3661175,3604972,3542605,3482104,3429361,3386267,3351527,3323929,3301000,..
"Population, total",SP.POP.TOTL,Botswana,BWA,1674678,1704642,1734398,1765527,1799078,1835908,1875459,1915639,1953498,1987105,2015402,2039551,2062536,2088614,2120716,2159944,2205128,2254126,2303697,..
"Population, total",SP.POP.TOTL,Brazil,BRA,177196054,179537520,181809246,184006481,186127103,188167356,190130443,192030362,193886508,195713635,197514534,199287296,201035903,202763735,204471769,206163058,207833831,209469333,211049527,..
"Population, total",SP.POP.TOTL,British Virgin Islands,VGB,20675,21129,21672,22334,23107,24023,25047,26097,27039,27794,28319,28650,28847,28989,29152,29355,29577,29802,30030,..
"Population, total",SP.POP.TOTL,Brunei Darussalam,BRN,340034,346782,353293,359433,365114,370263,374965,379421,383906,388646,393688,398989,404421,409769,414907,419800,424473,428962,433285,..
"Population, total",SP.POP.TOTL,Bulgaria,BGR,8009142,7837161,7775327,7716860,7658972,7601022,7545338,7492561,7444443,7395599,7348328,7305888,7265115,7223938,7177991,7127822,7075947,7025037,6975761,..
"Population, total",SP.POP.TOTL,Burkina Faso,BFA,11944587,12293100,12654621,13030569,13421930,13829176,14252021,14689725,15141098,15605217,16081911,16571246,17072775,17586017,18110624,18646378,19193284,19751535,20321378,..
"Population, total",SP.POP.TOTL,Burundi,BDI,6525545,6704113,6909154,7131693,7364862,7607849,7862214,8126102,8397668,8675602,8958406,9245988,9540289,9844297,10160030,10487998,10827024,11175378,11530580,..
"Population, total",SP.POP.TOTL,Cabo Verde,CPV,435709,442951,449930,456617,463032,469170,475060,480842,486671,492654,498856,505235,511748,518269,524743,531146,537497,543767,549935,..
"Population, total",SP.POP.TOTL,Cambodia,KHM,12405408,12637727,12856163,13066469,13273354,13477709,13679962,13883834,14093604,14312212,14541423,14780454,15026332,15274503,15521436,15766293,16009414,16249798,16486542,..
"Population, total",SP.POP.TOTL,Cameroon,CMR,15928910,16357602,16800865,17259322,17733410,18223674,18730282,19252666,19789919,20341241,20906388,21485266,22077298,22681858,23298368,23926539,24566045,25216237,25876380,..
"Population, total",SP.POP.TOTL,Canada,CAN,31020902,31360079,31644028,31940655,32243753,32571174,32889025,33247118,33628895,34004889,34339328,34714222,35082954,35437435,35702908,36109487,36543321,37057765,37589262,..
"Population, total",SP.POP.TOTL,Cayman Islands,CYM,43935,45351,46632,47902,49261,50740,52280,53836,55322,56672,57878,58958,59932,60848,61724,62569,63382,64174,64948,..
"Population, total",SP.POP.TOTL,Central African Republic,CAF,3722018,3802128,3881181,3959875,4038382,4118069,4198010,4273366,4337625,4386768,4418636,4436415,4447942,4464175,4493170,4537687,4596028,4666377,4745185,..
"Population, total",SP.POP.TOTL,Chad,TCD,8678051,9019233,9373916,9734767,10096633,10457124,10818024,11183588,11560147,11952136,12360989,12784750,13220424,13663559,14110975,14561666,15016773,15477751,15946876,..
"Population, total",SP.POP.TOTL,Channel Islands,CHI,149097,149596,150068,150716,151678,153008,154636,156433,158178,159734,160998,162056,163038,164100,165385,166923,168665,170499,172259,..
"Population, total",SP.POP.TOTL,Chile,CHL,15516113,15684409,15849652,16014971,16182721,16354504,16530195,16708258,16886186,17062536,17233576,17400347,17571507,17758959,17969353,18209068,18470439,18729160,18952038,..
"Population, total",SP.POP.TOTL,China,CHN,1271850000,1280400000,1288400000,1296075000,1303720000,1311020000,1317885000,1324655000,1331260000,1337705000,1344130000,1350695000,1357380000,1364270000,1371220000,1378665000,1386395000,1392730000,1397715000,..
"Population, total",SP.POP.TOTL,Colombia,COL,40255956,40875363,41483872,42075953,42647731,43200901,43737512,44254972,44750054,45222699,45662747,46075721,46495492,46967706,47520667,48175048,48909844,49661056,50339443,..
"Population, total",SP.POP.TOTL,Comoros,COM,555888,569479,583211,597228,611627,626425,641620,657229,673252,689692,706569,723871,741505,759390,777424,795592,813892,832322,850886,..
"Population, total",SP.POP.TOTL,"Congo, Dem. Rep.",COD,48428545,49871666,51425580,53068880,54785903,56578037,58453683,60411195,62448574,64563854,66755153,69020747,71358807,73767447,76244544,78789127,81398764,84068091,86790567,..
"Population, total",SP.POP.TOTL,"Congo, Rep.",COG,3217933,3310387,3406922,3510468,3622775,3745141,3876119,4011486,4145391,4273731,4394844,4510198,4622761,4736974,4856095,4980999,5110702,5244363,5380508,..
"Population, total",SP.POP.TOTL,Costa Rica,CRI,4034074,4100925,4164053,4225155,4285502,4345412,4404628,4463125,4520740,4577378,4633086,4688000,4742107,4795396,4847804,4899345,4949954,4999441,5047561,..
"Population, total",SP.POP.TOTL,Cote d'Ivoire,CIV,16853026,17231539,17599610,17970494,18354514,18754916,19171237,19605569,20059147,20532950,21028655,21547188,22087505,22647683,23226143,23822714,24437469,25069229,25716544,..
"Population, total",SP.POP.TOTL,Croatia,HRV,4299642,4302174,4303399,4304600,4310145,4311159,4310217,4309705,4305181,4295427,4280622,4267558,4255689,4238389,4203604,4174349,4124531,4087843,4067500,..
"Population, total",SP.POP.TOTL,Cuba,CUB,11164667,11199651,11229183,11250365,11261582,11261248,11251122,11236971,11226709,11225832,11236670,11257101,11282720,11306902,11324781,11335109,11339259,11338138,11333483,..
"Population, total",SP.POP.TOTL,Curacao,CUW,129047,129205,131897,134192,137658,141239,144056,145880,146833,148703,150831,152088,153822,155909,157980,159664,160175,159800,157538,..
"Population, total",SP.POP.TOTL,Cyprus,CYP,960276,976964,993563,1010408,1027662,1045507,1063713,1081563,1098083,1112612,1124833,1135046,1143866,1152285,1160985,1170187,1179680,1189265,1198575,..
"Population, total",SP.POP.TOTL,Czech Republic,CZE,10216605,10196916,10193998,10197101,10211216,10238905,10298828,10384603,10443936,10474410,10496088,10510785,10514272,10525347,10546059,10566332,10594438,10629928,10669709,..
"Population, total",SP.POP.TOTL,Denmark,DNK,5358783,5375931,5390574,5404523,5419432,5437272,5461438,5493621,5523095,5547683,5570572,5591572,5614932,5643475,5683483,5728010,5764980,5793636,5818553,..
"Population, total",SP.POP.TOTL,Djibouti,DJI,733015,746942,759641,771603,783254,794563,805451,816358,827823,840198,853674,868136,883293,898696,913993,929112,944097,958920,973560,..
"Population, total",SP.POP.TOTL,Dominica,DMA,69661,69837,70100,70382,70589,70718,70795,70827,70851,70878,70916,70965,71016,71085,71183,71307,71458,71625,71808,..
"Population, total",SP.POP.TOTL,Dominican Republic,DOM,8598601,8724975,8850317,8974444,9097257,9218686,9338861,9458075,9576737,9695121,9813210,9930911,10048224,10165178,10281680,10397743,10513131,10627165,10738958,..
"Population, total",SP.POP.TOTL,Ecuador,ECU,12914667,13143465,13369678,13596388,13825847,14059384,14296557,14535739,14774424,15011117,15243883,15474102,15707474,15951838,16212020,16491115,16785361,17084357,17373662,..
"Population, total",SP.POP.TOTL,"Egypt, Arab Rep.",EGY,70152661,71485043,72826097,74172073,75523569,76873663,78232126,79636079,81134798,82761235,84529250,86422240,88404640,90424654,92442547,94447072,96442593,98423595,100388073,..
"Population, total",SP.POP.TOTL,El Salvador,SLV,5927006,5962136,5994077,6023797,6052123,6079399,6105810,6131764,6157686,6183875,6210568,6237923,6266070,6295128,6325124,6356143,6388122,6420744,6453553,..
"Population, total",SP.POP.TOTL,Equatorial Guinea,GNQ,631666,658384,686664,716949,749535,784496,821687,860840,901599,943639,986853,1031191,1076413,1122276,1168568,1215179,1262001,1308974,1355986,..
"Population, total",SP.POP.TOTL,Eritrea,ERI,2374722,2481058,2600973,2719803,2826659,2918205,2996536,3062779,3119920,3170435,3213972,..,..,..,..,..,..,..,..,..
"Population, total",SP.POP.TOTL,Estonia,EST,1388115,1379350,1370720,1362550,1354775,1346810,1340680,1337090,1334515,1331475,1327439,1322696,1317997,1314545,1315407,1315790,1317384,1321977,1326590,..
"Population, total",SP.POP.TOTL,Eswatini,SWZ,1013609,1019059,1022802,1026286,1030579,1036092,1042652,1049945,1057467,1064837,1072032,1079288,1086839,1095021,1104044,1113984,1124753,1136191,1148130,..
"Population, total",SP.POP.TOTL,Ethiopia,ETH,68159423,70142091,72170584,74239505,76346311,78489206,80674348,82916235,85233913,87639964,90139927,92726971,95385785,98094253,100835458,103603501,106400024,109224559,112078730,..
"Population, total",SP.POP.TOTL,Faroe Islands,FRO,46997,47233,47432,47600,47722,47792,47825,47820,47808,47814,47823,47843,47892,47960,48051,48173,48331,48497,48678,..
"Population, total",SP.POP.TOTL,Fiji,FJI,813925,815257,816076,817860,821604,827870,836190,845361,853637,859818,863449,865069,865608,866453,868627,872399,877459,883483,889953,..
"Population, total",SP.POP.TOTL,Finland,FIN,5188008,5200598,5213014,5228172,5246096,5266268,5288720,5313399,5338871,5363352,5388272,5413971,5438972,5461512,5479531,5495303,5508214,5515525,5520314,..
"Population, total",SP.POP.TOTL,France,FRA,61357430,61805267,62244886,62704895,63179351,63621381,64016225,64374984,64707040,65027507,65342780,65659809,65998687,66312067,66548272,66724104,66864379,66965912,67059887,..
"Population, total",SP.POP.TOTL,French Polynesia,PYF,244931,248972,252703,255992,258780,261010,262721,264061,265254,266455,267698,268998,270328,271705,273124,274575,276103,277679,279287,..
"Population, total",SP.POP.TOTL,Gabon,GAB,1258003,1288315,1319953,1353795,1390549,1430152,1472575,1518540,1568928,1624140,1684635,1749682,1817071,1883800,1947686,2007873,2064823,2119275,2172579,..
"Population, total",SP.POP.TOTL,"Gambia, The",GMB,1360074,1404261,1449925,1496527,1543741,1591445,1639848,1689285,1740279,1793196,1848147,1905011,1963711,2024042,2085860,2149139,2213894,2280102,2347706,..
"Population, total",SP.POP.TOTL,Georgia,GEO,4014373,3978515,3951736,3927340,3902469,3880347,3860158,3848449,3814419,3786695,3756441,3728874,3717668,3719414,3725276,3727505,3728004,3726549,3720382,..
"Population, total",SP.POP.TOTL,Germany,DEU,82349925,82488495,82534176,82516260,82469422,82376451,82266372,82110097,81902307,81776930,80274983,80425823,80645605,80982500,81686611,82348669,82657002,82905782,83132799,..
"Population, total",SP.POP.TOTL,Ghana,GHA,19756928,20246381,20750299,21272323,21814642,22379055,22963946,23563825,24170940,24779619,25387710,25996449,26607642,27224472,27849205,28481946,29121471,29767108,30417856,..
"Population, total",SP.POP.TOTL,Gibraltar,GIB,31602,32102,32555,32928,33219,33417,33517,33559,33565,33585,33612,33646,33692,33725,33736,33737,33728,33718,33701,..
"Population, total",SP.POP.TOTL,Greece,GRC,10862132,10902022,10928070,10955141,10987314,11020362,11048473,11077841,11107017,11121341,11104899,11045011,10965211,10892413,10820883,10775971,10754679,10732882,10716322,..
"Population, total",SP.POP.TOTL,Greenland,GRL,56350,56609,56765,56911,56935,56774,56555,56328,56323,56905,56890,56810,56483,56295,56114,56186,56172,56023,56225,..
"Population, total",SP.POP.TOTL,Grenada,GRD,103249,103634,104005,104347,104661,104933,105190,105456,105789,106233,106796,107446,108170,108902,109599,110261,110874,111454,112003,..
"Population, total",SP.POP.TOTL,Guam,GUM,156401,157176,157717,158101,158402,158648,158847,159036,159226,159444,159692,159996,160407,161016,161853,162951,164281,165768,167294,..
"Population, total",SP.POP.TOTL,Guatemala,GTM,11871565,12147518,12415334,12682108,12948292,13213330,13477017,13739299,14000190,14259687,14521515,14781942,15043981,15306316,15567419,15827690,16087418,16346950,16604026,..
"Population, total",SP.POP.TOTL,Guinea,GIN,8417081,8586074,8753093,8925743,9109581,9307425,9518162,9738792,9964469,10192176,10420471,10652029,10892810,11150977,11432088,11738441,12067539,12414318,12771246,..
"Population, total",SP.POP.TOTL,Guinea-Bissau,GNB,1227106,1254453,1283305,1313492,1344930,1377581,1411543,1446936,1483921,1522599,1562989,1604979,1648257,1692439,1737202,1782437,1828146,1874309,1920922,..
"Population, total",SP.POP.TOTL,Guyana,GUY,745206,744789,745143,745737,746163,746343,746474,746817,747718,749436,752028,755399,759285,763380,767432,771366,775221,779004,782766,..
"Population, total",SP.POP.TOTL,Haiti,HTI,8608819,8754150,8900104,9047077,9195288,9344785,9495328,9646580,9798046,9949322,10100320,10250930,10400673,10549008,10695542,10839970,10982366,11123176,11263077,..
"Population, total",SP.POP.TOTL,Honduras,HND,6751912,6929265,7106319,7282953,7458985,7634298,7808518,7980955,8150775,8317470,8480671,8640691,8798521,8955589,9112916,9270795,9429013,9587522,9746117,..
"Population, total",SP.POP.TOTL,"Hong Kong SAR, China",HKG,6714300,6744100,6730800,6783500,6813200,6857100,6916300,6957800,6972800,7024200,7071600,7150100,7178900,7229500,7291300,7336600,7391700,7451000,7507400,..
"Population, total",SP.POP.TOTL,Hungary,HUN,10187576,10158608,10129552,10107146,10087065,10071370,10055780,10038188,10022650,10000023,9971727,9920362,9893082,9866468,9843028,9814023,9787966,9775564,9769949,..
"Population, total",SP.POP.TOTL,Iceland,ISL,284968,287523,289521,292074,296734,303782,311566,317414,318499,318041,319014,320716,323764,327386,330815,335439,343400,352721,361313,..
"Population, total",SP.POP.TOTL,India,IND,1075000085,1093317189,1111523144,1129623456,1147609927,1165486291,1183209472,1200669765,1217726215,1234281170,1250288729,1265782790,1280846129,1295604184,1310152403,1324509589,1338658835,1352617328,1366417754,..
"Population, total",SP.POP.TOTL,Indonesia,IDN,214427417,217357793,220309469,223285676,226289470,229318262,232374245,235469762,238620563,241834215,245116206,248452413,251806402,255129004,258383256,261554226,264645886,267663435,270625568,..
"Population, total",SP.POP.TOTL,"Iran, Islamic Rep.",IRN,66449112,67284796,68122938,68951281,69762347,70554760,71336475,72120604,72924837,73762519,74634956,75539862,76481943,77465753,78492215,79564016,80673951,81800269,82913906,..
"Population, total",SP.POP.TOTL,Iraq,IRQ,24208180,24931919,25644499,26313838,26922284,27448124,27911248,28385746,28973162,29741976,30725300,31890011,33157050,34411951,35572261,36610632,37552781,38433600,39309783,..
"Population, total",SP.POP.TOTL,Ireland,IRL,3866243,3931947,3996521,4070262,4159914,4273591,4398942,4489544,4535375,4560155,4580084,4599533,4623816,4657740,4701957,4755335,4807388,4867316,4941444,..
"Population, total",SP.POP.TOTL,Isle of Man,IMN,77703,78318,78884,79520,80305,81285,82408,83508,84376,84857,84886,84533,83976,83488,83234,83287,83598,84077,84584,..
"Population, total",SP.POP.TOTL,Israel,ISR,6439000,6570000,6689700,6809000,6930100,7053700,7180100,7308800,7485600,7623600,7765800,7910500,8059500,8215700,8380100,8546000,8713300,8882800,9053300,..
"Population, total",SP.POP.TOTL,Italy,ITA,56974100,57059007,57313203,57685327,57969484,58143979,58438310,58826731,59095365,59277417,59379449,59539717,60233948,60789140,60730582,60627498,60536709,60421760,60297396,..
"Population, total",SP.POP.TOTL,Jamaica,JAM,2674702,2692845,2709437,2725015,2740003,2754407,2768227,2781876,2795837,2810460,2825929,2842132,2858709,2875136,2891021,2906238,2920853,2934855,2948279,..
"Population, total",SP.POP.TOTL,Japan,JPN,127149000,127445000,127718000,127761000,127773000,127854000,128001000,128063000,128047000,128070000,127833000,127629000,127445000,127276000,127141000,126994511,126785797,126529100,126264931,..
"Population, total",SP.POP.TOTL,Jordan,JOR,5217336,5317506,5434030,5580244,5765635,5991540,6255280,6556478,6893260,7261539,7663131,8090872,8520420,8920049,9266575,9551467,9779173,9956011,10101694,..
"Population, total",SP.POP.TOTL,Kazakhstan,KAZ,14858335,14858948,14909018,15012985,15147029,15308084,15484192,15674000,16092822,16321872,16557201,16792089,17035550,17288285,17542806,17794055,18037776,18276498.5,18513930,..
"Population, total",SP.POP.TOTL,Kenya,KEN,32848564,33751739,34678779,35635271,36624895,37649033,38705932,39791981,40901792,42030676,43178257,44343410,45519889,46699981,47878336,49051686,50221473,51393010,52573973,..
"Population, total",SP.POP.TOTL,Kiribati,KIR,85849,87305,88835,90499,92325,94343,96527,98761,100930,102927,104728,106370,107890,109391,110930,112524,114158,115847,117606,..
"Population, total",SP.POP.TOTL,"Korea, Dem. People’s Rep.",PRK,23132980,23339453,23542426,23732731,23904167,24054864,24188331,24310142,24428341,24548836,24673385,24800612,24929452,25057752,25183833,25307744,25429985,25549819,25666161,..
"Population, total",SP.POP.TOTL,"Korea, Rep.",KOR,47370164,47644736,47892330,48082519,48184561,48438292,48683638,49054708,49307835,49554112,49936638,50199853,50428893,50746659,51014947,51217803,51361911,51606633,51709098,..
"Population, total",SP.POP.TOTL,Kosovo,XKX,1701154,1702310,1703466,1704622,1705780,1719536,1733404,1747383,1761474,1775680,1791000,1807106,1818117,1812771,1788196,1777557,1791003,1797085,1794248,..
"Population, total",SP.POP.TOTL,Kuwait,KWT,2103282,2136997,2161626,2200492,2270198,2373672,2504019,2656009,2821045,2991884,3168060,3348853,3526376,3690941,3835591,3956875,4056099,4137312,4207083,..
"Population, total",SP.POP.TOTL,Kyrgyz Republic,KGZ,4945100,4990700,5043300,5104700,5162600,5218400,5268400,5318700,5383300,5447900,5514600,5607200,5719600,5835500,5956900,6079500,6198200,6322800,6456900,..
"Population, total",SP.POP.TOTL,Lao PDR,LAO,5409582,5493246,5576640,5662208,5751676,5846074,5944948,6046620,6148623,6249165,6347567,6444530,6541304,6639756,6741164,6845846,6953035,7061507,7169455,..
"Population, total",SP.POP.TOTL,Latvia,LVA,2337170,2310173,2287955,2263122,2238799,2218357,2200325,2177322,2141669,2097555,2059709,2034319,2012647,1993782,1977527,1959537,1942248,1927174,1912789,..
"Population, total",SP.POP.TOTL,Lebanon,LBN,3991001,4182205,4388375,4569378,4698763,4759753,4767344,4764741,4813026,4953061,5202343,5538634,5914621,6262410,6532678,6711121,6811873,6848925,6855713,..
"Population, total",SP.POP.TOTL,Lesotho,LSO,2035740,2029829,2018348,2005940,1996114,1989939,1986922,1987129,1990131,1995581,2003787,2014990,2028519,2043437,2059021,2075001,2091412,2108132,2125268,..
"Population, total",SP.POP.TOTL,Liberia,LBR,2953927,3024729,3077058,3135651,3218116,3329211,3461911,3607860,3754133,3891356,4017443,4135659,4248334,4359505,4472230,4586788,4702228,4818977,4937374,..
"Population, total",SP.POP.TOTL,Libya,LBY,5443248,5531089,5620547,5710154,5798614,5886872,5974787,6058748,6133984,6197663,6247439,6285750,6320359,6362037,6418315,6492164,6580724,6678567,6777452,..
"Population, total",SP.POP.TOTL,Liechtenstein,LIE,33552,33879,34175,34452,34713,34970,35217,35471,35727,35994,36293,36615,36934,37223,37470,37658,37800,37910,38019,..
"Population, total",SP.POP.TOTL,Lithuania,LTU,3470818,3443067,3415213,3377075,3322528,3269909,3231294,3198231,3162916,3097282,3028115,2987773,2957689,2932367,2904910,2868231,2828403,2801543,2786844,..
"Population, total",SP.POP.TOTL,Luxembourg,LUX,441525,446175,451630,458095,465158,472637,479993,488650,497783,506953,518347,530946,543360,556319,569604,582014,596336,607950,619896,..
"Population, total",SP.POP.TOTL,"Macao SAR, China",MAC,437938,448821,460165,471597,482858,493799,504511,515239,526400,538219,550832,564039,577372,590208,602085,612836,622585,631636,640445,..
"Population, total",SP.POP.TOTL,Madagascar,MDG,16260932,16765117,17279141,17802997,18336724,18880269,19433530,19996473,20569117,21151640,21743967,22346641,22961253,23589887,24234088,24894380,25570540,26262368,26969307,..
"Population, total",SP.POP.TOTL,Malawi,MWI,11432000,11713664,12000181,12301838,12625952,12973699,13341806,13727890,14128155,14539612,14962112,15396005,15839269,16289540,16745303,17205289,17670260,18143315,18628747,..
"Population, total",SP.POP.TOTL,Malaysia,MYS,23709119,24208391,24698819,25190652,25690611,26201961,26720370,27236006,27735040,28208035,28650955,29068159,29468872,29866559,30270962,30684804,31105028,31528585,31949777,..
"Population, total",SP.POP.TOTL,Maldives,MDV,286306,294186,302683,311265,319608,327487,335169,343452,353398,365734,380495,397237,415593,435015,454915,475513,496402,515696,530953,..
"Population, total",SP.POP.TOTL,Mali,MLI,11271600,11616887,11982695,12369070,12775516,13203378,13651464,14113577,14581429,15049353,15514591,15979499,16449864,16934220,17438778,17965429,18512394,19077690,19658031,..
"Population, total",SP.POP.TOTL,Malta,MLT,393028,395969,398582,401268,403834,405308,406724,409379,412477,414508,416268,420028,425967,434558,445053,455356,467999,484630,502653,..
"Population, total",SP.POP.TOTL,Marshall Islands,MHL,51422,52370,53456,54476,55258,55767,56051,56174,56250,56366,56531,56717,56938,57179,57439,57735,58058,58413,58791,..
"Population, total",SP.POP.TOTL,Mauritania,MRT,2702400,2778099,2857148,2939247,3024194,3111906,3202517,3296238,3393409,3494195,3598648,3706554,3817494,3930896,4046301,4163534,4282574,4403319,4525696,..
"Population, total",SP.POP.TOTL,Mauritius,MUS,1196287,1204621,1213370,1221003,1228254,1233996,1239630,1244121,1247429,1250400,1252404,1255882,1258653,1260934,1262605,1263473,1264613,1265303,1265711,..
"Population, total",SP.POP.TOTL,Mexico,MEX,100298153,101684758,103081020,104514932,106005203,107560153,109170502,110815271,112463887,114092963,115695473,117274155,118827161,120355128,121858258,123333376,124777324,126190788,127575529,..
"Population, total",SP.POP.TOTL,"Micronesia, Fed. Sts.",FSM,107173,107030,106901,106625,106129,105371,104444,103543,102975,102911,103450,104506,105926,107446,108895,110215,111459,112640,113815,..
"Population, total",SP.POP.TOTL,Moldova,MDA,2917252,2910504,2902320,2895147,2888111,2880095,2873429,2867964,2864346,2861487,2859833,2859458,2858692,2856950,2834530,2802170,2755158,2706049,2657637,..
"Population, total",SP.POP.TOTL,Monaco,MCO,32470,32806,33153,33500,33843,34190,34525,34872,35226,35612,36024,36460,36901,37322,37718,38070,38392,38682,38964,..
"Population, total",SP.POP.TOTL,Mongolia,MNG,2419588,2443271,2468762,2496391,2526424,2558856,2593820,2631898,2673796,2719896,2770362,2824699,2881792,2940108,2998439,3056359,3113779,3170208,3225167,..
"Population, total",SP.POP.TOTL,Montenegro,MNE,607389,609828,612267,613353,614261,615025,615875,616969,618294,619428,620079,620601,621207,621810,622159,622303,622373,622227,622137,..
"Population, total",SP.POP.TOTL,Morocco,MAR,29126330,29454768,29782884,30115214,30455561,30804683,31163673,31536811,31929087,32343389,32781850,33241898,33715693,34192347,34663603,35126296,35581294,36029138,36471769,..
"Population, total",SP.POP.TOTL,Mozambique,MOZ,18221888,18764155,19331100,19910552,20493925,21080110,21673316,22276596,22894710,23531574,24187487,24862648,25560725,26286163,27042002,27829942,28649007,29495962,30366036,..
"Population, total",SP.POP.TOTL,Myanmar,MMR,47225120,47702171,48148902,48564484,48949924,49301050,49621475,49929642,50250367,50600818,50990615,51413698,51852451,52280807,52680726,53045226,53382581,53708395,54045420,..
"Population, total",SP.POP.TOTL,Namibia,NAM,1823672,1851523,1879117,1907745,1938320,1971317,2006514,2043394,2081044,2118874,2156701,2194784,2233510,2273430,2314904,2358041,2402603,2448255,2494530,..
"Population, total",SP.POP.TOTL,Nauru,NRU,10215,10102,9994,9902,9849,9828,9842,9891,9939,10005,10057,10279,10821,11853,12475,13049,12876,12704,12581,..
"Population, total",SP.POP.TOTL,Nepal,NPL,24347106,24725627,25080872,25419344,25744500,26066693,26382581,26666576,26883535,27013212,27041437,26989862,26917906,26906926,27015031,27261131,27627124,28087871,28608710,..
"Population, total",SP.POP.TOTL,Netherlands,NLD,16046180,16148929,16225302,16281779,16319868,16346101,16381696,16445593,16530388,16615394,16693074,16754962,16804432,16865008,16939923,17030314,17131296,17231624,17332850,..
"Population, total",SP.POP.TOTL,New Caledonia,NCL,217324,221490,225296,228750,232250,235750,239250,242750,245950,249750,254350,259000,263650,268050,272400,276550,280350,284060,287800,..
"Population, total",SP.POP.TOTL,New Zealand,NZL,3880500,3948500,4027200,4087500,4133900,4184600,4223800,4259800,4302600,4350700,4384000,4408100,4442100,4509700,4595700,4693200,4793900,4841000,4917000,..
"Population, total",SP.POP.TOTL,Nicaragua,NIC,5145366,5219328,5292118,5364935,5438690,5513763,5590055,5667432,5745526,5824065,5903039,5982526,6062454,6142733,6223240,6303974,6384855,6465513,6545502,..
"Population, total",SP.POP.TOTL,Niger,NER,11751365,12189983,12647984,13125916,13624467,14143971,14685399,15250908,15843133,16464025,17114761,17795191,18504255,19240157,20001663,20788838,21602472,22442948,23310715,..
"Population, total",SP.POP.TOTL,Nigeria,NGA,125394046,128596076,131900631,135320422,138865016,142538308,146339977,150269623,154324933,158503197,162805071,167228767,171765769,176404902,181137448,185960289,190873311,195874740,200963599,..
"Population, total",SP.POP.TOTL,North Macedonia,MKD,2042842,2048928,2053426,2057048,2060273,2063131,2065426,2067313,2069039,2070741,2072487,2074278,2076067,2077775,2079328,2080745,2081996,2082958,2083459,..
"Population, total",SP.POP.TOTL,Northern Mariana Islands,MNP,58321,58420,57947,57246,56542,55882,55219,54625,54193,53971,54012,54311,54784,55305,55780,56188,56562,56882,57216,..
"Population, total",SP.POP.TOTL,Norway,NOR,4513751,4538159,4564855,4591910,4623291,4660677,4709153,4768212,4828726,4889252,4953088,5018573,5079623,5137232,5188607,5234519,5276968,5311916,5347896,..
"Population, total",SP.POP.TOTL,Oman,OMN,2294962,2334858,2386166,2445517,2511251,2580758,2657158,2750963,2876186,3041434,3251108,3498029,3764805,4027260,4267348,4479219,4665935,4829483,4974986,..
"Population, total",SP.POP.TOTL,Pakistan,PAK,145978402,149549700,153093373,156664697,160304008,164022627,167808105,171648986,175525609,179424641,183340592,187281475,191262919,195306825,199426964,203627284,207896686,212215030,216565318,..
"Population, total",SP.POP.TOTL,Palau,PLW,19386,19637,19809,19867,19781,19540,19158,18704,18285,17955,17745,17640,17606,17626,17665,17725,17808,17907,18008,..
"Population, total",SP.POP.TOTL,Panama,PAN,3089648,3149188,3209048,3269356,3330217,3391666,3453675,3516204,3579215,3642687,3706483,3770624,3835437,3901315,3968487,4037078,4106771,4176873,4246439,..
"Population, total",SP.POP.TOTL,Papua New Guinea,PNG,5974629,6098621,6223377,6354245,6494903,6646895,6808514,6976201,7144776,7310507,7472200,7631002,7788379,7946731,8107775,8271760,8438029,8606316,8776109,..
"Population, total",SP.POP.TOTL,Paraguay,PRY,5428444,5531962,5632983,5730549,5824096,5913209,5998427,6081296,6163972,6248020,6333976,6421512,6510276,6599526,6688746,6777872,6867062,6956071,7044636,..
"Population, total",SP.POP.TOTL,Peru,PER,26799285,27100968,27372226,27624213,27866145,28102056,28333052,28562317,28792655,29027674,29264318,29506788,29773987,30090359,30470734,30926032,31444297,31989256,32510453,..
"Population, total",SP.POP.TOTL,Philippines,PHL,79672873,81365258,83051971,84710542,86326250,87888675,89405482,90901965,92414158,93966780,95570047,97212638,98871552,100513138,102113212,103663927,105173264,106651922,108116615,..
"Population, total",SP.POP.TOTL,Poland,POL,38248076,38230364,38204570,38182222,38165445,38141267,38120560,38125759,38151603,38042794,38063255,38063164,38040196,38011735,37986412,37970087,37974826,37974750,37970874,..
"Population, total",SP.POP.TOTL,Portugal,PRT,10362722,10419631,10458821,10483861,10503330,10522288,10542964,10558177,10568247,10573100,10557560,10514844,10457295,10401062,10358076,10325452,10300300,10283822,10269417,..
"Population, total",SP.POP.TOTL,Puerto Rico,PRI,3818774,3823701,3826095,3826878,3821362,3805214,3782995,3760866,3740410,3721525,3678732,3634488,3593077,3534874,3473232,3406672,3325286,3193354,3193694,..
"Population, total",SP.POP.TOTL,Qatar,QAT,615012,640868,681788,753334,865416,1022711,1218434,1436665,1654950,1856327,2035871,2196074,2336574,2459198,2565710,2654374,2724724,2781677,2832067,..
"Population, total",SP.POP.TOTL,Romania,ROU,22131970,21730496,21574326,21451748,21319685,21193760,20882982,20537875,20367487,20246871,20147528,20058035,19983693,19908979,19815616,19702267,19587290,19472545,19356544,..
"Population, total",SP.POP.TOTL,Russian Federation,RUS,145976482,145306497,144648618,144067316,143518814,143049637,142805114,142742366,142785349,142849468,142960908,143201721,143506995,143819666,144096870,144342396,144496740,144477860,144373535,..
"Population, total",SP.POP.TOTL,Rwanda,RWA,8231156,8427060,8557161,8680524,8840215,9043337,9273757,9524534,9782770,10039338,10293331,10549678,10811543,11083635,11369071,11668818,11980937,12301939,12626950,..
"Population, total",SP.POP.TOTL,Samoa,WSM,175392,176407,177484,178590,179727,180876,182046,183263,184556,185949,187469,189088,190717,192221,193513,194535,195352,196130,197097,..
"Population, total",SP.POP.TOTL,San Marino,SMR,27812,28175,28562,28940,29324,29700,30063,30434,30816,31229,31661,32105,32553,32948,33272,33504,33671,33785,33860,..
"Population, total",SP.POP.TOTL,Sao Tome and Principe,STP,144755,147447,150415,153737,157472,161681,166300,171120,175876,180371,184524,188404,192087,195727,199432,203227,207089,211028,215056,..
"Population, total",SP.POP.TOTL,Saudi Arabia,SAU,21202642,21805313,22456649,23132682,23816183,24498310,25184597,25888541,26630303,27421461,28267685,29155187,30052518,30916994,31717667,32442572,33099147,33699947,34268528,..
"Population, total",SP.POP.TOTL,Senegal,SEN,10036104,10283699,10541467,10810083,11090116,11382268,11687080,12004701,12335084,12678148,13033809,13401991,13782420,14174731,14578459,14993528,15419381,15854360,16296364,..
"Population, total",SP.POP.TOTL,Serbia,SRB,7503433,7496522,7480591,7463157,7440769,7411569,7381579,7350222,7320807,7291436,7234099,7199077,7164132,7130576,7095383,7058322,7020858,6982604,6944975,..
"Population, total",SP.POP.TOTL,Seychelles,SYC,81202,83723,82781,82475,82858,84600,85033,86956,87298,89770,87441,88303,89949,91359,93419,94677,95843,96762,97625,..
"Population, total",SP.POP.TOTL,Sierra Leone,SLE,4754072,4965766,5201070,5433991,5645624,5829237,5989633,6133603,6272734,6415634,6563240,6712581,6863980,7017144,7171914,7328838,7488431,7650154,7813215,..
"Population, total",SP.POP.TOTL,Singapore,SGP,4138012,4175950,4114826,4166664,4265762,4401365,4588599,4839396,4987573,5076732,5183688,5312437,5399162,5469724,5535002,5607283,5612253,5638676,5703569,..
"Population, total",SP.POP.TOTL,Sint Maarten (Dutch part),SXM,30600,30777,31472,32488,33011,33441,33811,33964,34238,34056,33435,34640,36607,37685,38825,39969,40574,40654,40733,..
"Population, total",SP.POP.TOTL,Slovak Republic,SVK,5378867,5376912,5373374,5372280,5372807,5373054,5374622,5379233,5386406,5391428,5398384,5407579,5413393,5418649,5423801,5430798,5439232,5446771,5454073,..
"Population, total",SP.POP.TOTL,Slovenia,SVN,1992060,1994530,1995733,1997012,2000474,2006868,2018122,2021316,2039669,2048583,2052843,2057159,2059953,2061980,2063531,2065042,2066388,2073894,2087946,..
"Population, total",SP.POP.TOTL,Solomon Islands,SLB,423944,435432,447017,458539,469918,481078,492132,503360,515181,527861,541521,556064,571335,587079,603118,619437,636038,652858,669823,..
"Population, total",SP.POP.TOTL,Somalia,SOM,9186725,9501342,9815412,10130243,10446863,10763905,11080121,11397188,11717692,12043883,12376302,12715510,13063706,13423576,13797201,14185613,14589119,15008154,15442905,..
"Population, total",SP.POP.TOTL,South Africa,ZAF,45571274,46150913,46719196,47291610,47880601,48489459,49119759,49779471,50477011,51216964,52004172,52834005,53689236,54545991,55386367,56203654,57000451,57779622,58558270,..
"Population, total",SP.POP.TOTL,South Sudan,SSD,6447793,6688226,6935676,7213351,7535932,7907406,8315139,8736939,9142259,9508364,9830698,10113647,10355036,10554883,10715658,10832512,10910759,10975920,11062113,..
"Population, total",SP.POP.TOTL,Spain,ESP,40850412,41431558,42187645,42921895,43653155,44397319,45226803,45954106,46362946,46576897,46742697,46773055,46620045,46480882,46444832,46484062,46593236,46797754,47076781,..
"Population, total",SP.POP.TOTL,Sri Lanka,LKA,18911730,19062482,19224037,19387153,19544988,19695972,19842044,19983984,20123508,20261737,20398670,20425000,20585000,20778000,20970000,21203000,21444000,21670000,21803000,..
"Population, total",SP.POP.TOTL,St. Kitts and Nevis,KNA,44602,45168,45749,46323,46852,47333,47769,48178,48599,49011,49442,49881,50328,50776,51204,51629,52036,52438,52834,..
"Population, total",SP.POP.TOTL,St. Lucia,LCA,158179,159392,160530,161816,163417,165381,167639,170011,172221,174085,175544,176646,177513,178296,179126,180024,180955,181889,182790,..
"Population, total",SP.POP.TOTL,St. Martin (French part),MAF,29853,30910,32053,33186,34248,35237,36137,36885,37377,37582,37446,37009,36453,36015,35858,36065,36560,37264,38002,..
"Population, total",SP.POP.TOTL,St. Vincent and the Grenadines,VCT,107896,108097,108326,108512,108614,108603,108518,108393,108287,108255,108316,108435,108622,108861,109148,109459,109827,110210,110589,..
"Population, total",SP.POP.TOTL,Sudan,SDN,27971082,28704778,29460519,30214193,30949516,31661823,32360621,33060837,33783788,34545013,35349681,36193783,37072550,37977655,38902950,39847440,40813396,41801533,42813238,..
"Population, total",SP.POP.TOTL,Suriname,SUR,476574,482228,487938,493680,499461,505292,511181,517122,523113,529126,535177,541247,547295,553278,559136,564883,570501,575987,581363,..
"Population, total",SP.POP.TOTL,Sweden,SWE,8895960,8924958,8958229,8993531,9029572,9080505,9148092,9219637,9298515,9378126,9449213,9519374,9600379,9696110,9799186,9923085,10057698,10175214,10285453,..
"Population, total",SP.POP.TOTL,Switzerland,CHE,7229854,7284753,7339001,7389625,7437115,7483934,7551117,7647675,7743831,7824909,7912398,7996861,8089346,8188649,8282396,8373338,8451840,8514329,8574832,..
"Population, total",SP.POP.TOTL,Syrian Arab Republic,SYR,16766561,17084632,17415214,17827825,18361176,19059258,19878254,20664038,21205873,21362529,21082966,20442541,19584274,18715672,17997408,17453933,17068002,16906283,17070135,..
"Population, total",SP.POP.TOTL,Tajikistan,TJK,6318513,6426867,6541547,6662389,6789321,6922587,7062672,7209930,7364753,7527394,7697510,7874835,8059769,8252833,8454028,8663579,8880268,9100837,9321018,..
"Population, total",SP.POP.TOTL,Tanzania,TZA,34385856,35334788,36337782,37379767,38450320,39548663,40681414,41853944,43073834,44346525,45673338,47052481,48482266,49959822,51482633,53050790,54663906,56318348,58005463,..
"Population, total",SP.POP.TOTL,Thailand,THA,63539196,64069087,64549866,64995299,65416189,65812536,66182067,66530984,66866839,67195028,67518382,67835957,68144501,68438730,68714511,68971331,69209858,69428524,69625582,..
"Population, total",SP.POP.TOTL,Timor-Leste,TLS,901214,922694,947108,971893,995135,1016432,1036392,1055431,1074277,1093523,1113151,1132994,1153295,1174331,1196302,1219288,1243261,1267972,1293119,..
"Population, total",SP.POP.TOTL,Togo,TGO,5062567,5197031,5330639,5467766,5611640,5762880,5920359,6083420,6250835,6421679,6595943,6773807,6954721,7137997,7323158,7509952,7698475,7889094,8082366,..
"Population, total",SP.POP.TOTL,Tonga,TON,98487,99022,99589,100218,100905,101706,102581,103379,103890,103986,103562,102737,101768,101028,100781,101133,101998,103197,104494,..
"Population, total",SP.POP.TOTL,Trinidad and Tobago,TTO,1271632,1277213,1283559,1290123,1296502,1302561,1308451,1314443,1320930,1328147,1336178,1344817,1353700,1362342,1370328,1377564,1384072,1389858,1394973,..
"Population, total",SP.POP.TOTL,Tunisia,TUN,9793903,9871251,9945277,10022277,10106771,10201214,10304726,10414433,10525694,10635244,10741880,10847002,10952951,11063201,11179949,11303946,11433443,11565204,11694719,..
"Population, total",SP.POP.TOTL,Turkey,TUR,64192243,65145367,66089402,67010930,67903469,68756810,69581848,70418604,71321399,72326988,73443863,74653016,75928564,77231907,78529409,79821724,81101892,82319724,83429615,..
"Population, total",SP.POP.TOTL,Turkmenistan,TKM,4564083,4610005,4655743,4703401,4754646,4810109,4870141,4935767,5007954,5087213,5174085,5267900,5366375,5466328,5565287,5662372,5757669,5850908,5942089,..
"Population, total",SP.POP.TOTL,Turks and Caicos Islands,TCA,21573,23232,25011,26700,28180,29391,30385,31202,31934,32660,33377,34066,34731,35369,35981,36559,37115,37665,38191,..
"Population, total",SP.POP.TOTL,Tuvalu,TUV,9484,9596,9726,9869,10000,10120,10221,10314,10424,10530,10633,10739,10857,10972,11099,11225,11370,11508,11646,..
"Population, total",SP.POP.TOTL,Uganda,UGA,24388968,25167257,25980552,26821297,27684585,28571475,29486338,30431736,31411096,32428167,33476919,34559168,35695246,36912148,38225453,39647506,41162465,42723139,44269594,..
"Population, total",SP.POP.TOTL,Ukraine,UKR,48662400,48202470,47812949,47451626,47105171,46787786,46509355,46258189,46053331,45870741,45706086,45593342,45489648,45272156,45154036,45004674,44831135,44622518,44385155,..
"Population, total",SP.POP.TOTL,United Arab Emirates,ARE,3302719,3478777,3711932,4068570,4588225,5300174,6168838,7089487,7917372,8549988,8946777,9141596,9197910,9214175,9262900,9360980,9487203,9630959,9770529,..
"Population, total",SP.POP.TOTL,United Kingdom,GBR,59119673,59370479,59647577,59987905,60401206,60846820,61322463,61806995,62276270,62766365,63258810,63700215,64128273,64602298,65116219,65611593,66058859,66460344,66834405,..
"Population, total",SP.POP.TOTL,United States,USA,284968955,287625193,290107933,292805298,295516599,298379912,301231207,304093966,306771529,309321666,311556874,313830990,315993715,318301008,320635163,322941311,324985539,326687501,328239523,..
"Population, total",SP.POP.TOTL,Uruguay,URY,3325473,3326040,3323668,3321476,3321803,3325401,3331749,3340221,3349676,3359275,3368934,3378974,3389439,3400434,3412009,3424132,3436646,3449299,3461734,..
"Population, total",SP.POP.TOTL,Uzbekistan,UZB,24964450,25271850,25567650,25864350,26167000,26488250,26868000,27302800,27767400,28562400,29339400,29774500,30243200,30757700,31298900,31847900,32388600,32956100,33580650,..
"Population, total",SP.POP.TOTL,Vanuatu,VUT,189219,193920,198959,204127,209282,214370,219472,224704,230247,236211,242653,249499,256635,263888,271130,278330,285510,292680,299882,..
"Population, total",SP.POP.TOTL,"Venezuela, RB",VEN,24646472,25100408,25551624,25996594,26432447,26850194,27247610,27635832,28031009,28439940,28888369,29362449,29783571,30045134,30081829,29846179,29390409,28870195,28515829,..
"Population, total",SP.POP.TOTL,Vietnam,VNM,80742499,81534407,82301656,83062821,83832661,84617540,85419591,86243413,87092252,87967651,88871561,89802487,90753472,91714595,92677076,93638724,94596642,95540395,96462106,..
"Population, total",SP.POP.TOTL,Virgin Islands (U.S.),VIR,108549,108510,108506,108467,108454,108371,108339,108399,108405,108358,108292,108191,108044,107884,107710,107510,107268,106977,106631,..
"Population, total",SP.POP.TOTL,West Bank and Gaza,PSE,2997784,3075373,3154969,3236626,3320396,3406334,3494496,3591977,3689099,3786161,3882986,3979998,4076708,4173398,4270092,4367088,4454805,4569087,4685306,..
"Population, total",SP.POP.TOTL,"Yemen, Rep.",YEM,17918373,18443691,18985000,19540098,20107409,20687646,21282515,21892146,22516460,23154855,23807588,24473178,25147109,25823485,26497889,27168210,27834821,28498687,29161922,..
"Population, total",SP.POP.TOTL,Zambia,ZMB,10692193,10971698,11256743,11550642,11856247,12173514,12502958,12848530,13215139,13605984,14023193,14465121,14926504,15399753,15879361,16363507,16853688,17351822,17861030,..
"Population, total",SP.POP.TOTL,Zimbabwe,ZWE,11923914,11954290,11982224,12019912,12076699,12155491,12255922,12379549,12526968,12697723,12894316,13115131,13350356,13586681,13814629,14030390,14236745,14439018,14645468,..
,,,,,,,,,,,,,,,,,,,,,,,
,,,,,,,,,,,,,,,,,,,,,,,
,,,,,,,,,,,,,,,,,,,,,,,
Data from database: World Development Indicators,,,,,,,,,,,,,,,,,,,,,,,
Last Updated: 12/16/2020,,,,,,,,,,,,,,,,,,,,,,,
